"","Bibin Kumar","Brian Conley","Caleb Goff","Corey Arnold","David McReynolds","Eric Green","George Darling","James Perry","Kevin Kieliszek","Lee Jones","Mani Radhaji","Paul Fuller","Testing Team","Unassigned","Date"
"01/03/13",0,3,0,0,0,0,0,0,0,0,0,0,0,0,"01/03/13"
"01/07/15",0,0,0,0,0,0,0,1,0,0,0,0,1,0,"01/07/15"
"01/09/12",0,1,0,0,0,0,0,0,0,0,0,0,0,0,"01/09/12"
"01/10/12",0,1,0,0,0,0,0,0,0,0,0,0,0,0,"01/10/12"
"01/14/13",0,1,0,0,0,0,0,0,0,0,0,0,0,0,"01/14/13"
"01/19/15",0,0,0,0,0,0,0,2,0,0,0,0,0,0,"01/19/15"
"01/21/15",0,0,0,0,0,0,0,0,0,0,0,0,11,0,"01/21/15"
"01/22/15",0,0,1,0,0,0,0,0,0,0,0,0,0,0,"01/22/15"
"01/24/13",0,2,0,0,0,0,0,0,0,0,0,0,0,0,"01/24/13"
"01/27/15",0,0,0,0,0,0,0,0,0,1,0,0,0,0,"01/27/15"
"01/29/14",0,1,0,0,0,0,0,0,0,0,0,0,0,0,"01/29/14"
"02/03/15",0,23,0,0,0,0,0,7,0,0,2,0,113,0,"02/03/15"
"02/12/13",0,0,0,0,0,0,0,0,0,0,1,0,0,0,"02/12/13"
"02/13/13",4,0,0,0,0,0,0,0,0,0,5,0,0,0,"02/13/13"
"02/15/13",0,1,0,0,0,0,0,0,0,0,0,0,0,0,"02/15/13"
"02/20/12",0,2,0,0,0,0,0,0,0,0,0,0,0,0,"02/20/12"
"02/21/13",0,8,0,0,0,0,0,0,0,0,0,0,0,0,"02/21/13"
"02/23/12",0,0,0,0,0,0,0,0,0,0,1,0,0,0,"02/23/12"
"02/25/13",0,0,0,0,0,1,0,0,0,0,0,0,0,0,"02/25/13"
"02/26/13",0,1,0,0,0,1,0,0,0,0,0,0,0,0,"02/26/13"
"03/04/14",0,1,0,0,0,0,0,0,0,0,0,0,0,0,"03/04/14"
"03/08/12",0,1,0,0,0,0,0,0,0,0,0,0,0,0,"03/08/12"
"03/11/13",0,0,0,0,0,0,0,0,0,0,1,0,0,0,"03/11/13"
"03/12/13",0,0,0,0,0,0,0,0,0,0,2,0,0,0,"03/12/13"
"03/19/12",0,1,0,0,0,0,0,0,0,0,0,0,0,0,"03/19/12"
"03/20/12",0,1,0,0,0,0,0,0,0,0,0,0,0,0,"03/20/12"
"04/05/12",0,1,0,0,0,0,0,0,0,0,0,0,0,0,"04/05/12"
"04/06/14",0,0,0,0,0,0,0,0,0,0,1,0,0,0,"04/06/14"
"04/13/12",0,1,0,0,0,0,0,0,0,0,0,0,0,0,"04/13/12"
"05/27/11",0,1,0,0,0,0,0,0,0,0,0,0,0,0,"05/27/11"
"06/02/11",0,1,0,0,0,0,0,0,0,0,0,0,0,0,"06/02/11"
"06/07/12",0,0,0,0,0,0,0,0,0,0,1,0,0,0,"06/07/12"
"06/12/13",0,0,0,0,0,1,0,0,0,0,4,0,0,0,"06/12/13"
"06/18/13",0,0,0,0,0,1,0,0,0,0,0,0,0,0,"06/18/13"
"07/07/11",0,1,0,0,0,0,0,0,0,0,0,0,0,0,"07/07/11"
"07/12/13",0,2,0,0,0,0,0,0,0,0,0,0,0,0,"07/12/13"
"07/13/11",0,1,0,0,0,0,0,0,0,0,0,0,0,0,"07/13/11"
"07/13/15",0,0,0,0,0,0,1,0,0,0,0,0,1,0,"07/13/15"
"07/16/15",0,0,0,0,0,0,0,0,0,0,0,1,0,0,"07/16/15"
"07/17/12",0,1,0,0,0,0,0,0,0,0,0,0,0,0,"07/17/12"
"07/25/11",0,2,0,0,0,0,0,0,0,0,0,0,0,0,"07/25/11"
"07/27/11",0,1,0,0,0,0,0,0,0,0,0,0,0,0,"07/27/11"
"07/27/12",0,1,0,0,0,0,0,0,0,0,0,0,0,0,"07/27/12"
"07/30/13",0,1,0,0,0,0,0,0,0,0,0,0,0,0,"07/30/13"
"07/31/12",0,2,0,0,0,0,0,0,0,0,0,0,0,0,"07/31/12"
"08/02/11",0,1,0,0,0,0,0,0,0,0,0,0,0,0,"08/02/11"
"08/06/11",0,1,0,0,0,0,0,0,0,0,0,0,0,0,"08/06/11"
"08/12/13",0,1,0,0,0,0,0,0,0,0,0,0,0,0,"08/12/13"
"08/15/12",0,0,0,0,0,0,0,0,0,0,0,0,1,0,"08/15/12"
"08/15/13",0,1,0,0,0,0,0,0,0,0,0,0,0,0,"08/15/13"
"08/18/15",0,0,0,0,0,0,1,0,0,0,0,0,0,0,"08/18/15"
"08/24/15",0,0,0,0,0,0,1,0,0,0,0,0,0,0,"08/24/15"
"08/26/15",0,0,0,0,0,0,0,0,4,0,0,0,0,0,"08/26/15"
"08/28/12",0,1,0,0,0,0,0,0,0,0,0,0,0,0,"08/28/12"
"08/28/15",0,0,0,0,0,0,0,0,1,0,0,0,0,0,"08/28/15"
"08/30/12",0,1,0,0,0,0,0,0,0,0,0,0,0,0,"08/30/12"
"08/31/15",0,0,0,0,0,0,1,0,1,0,0,3,0,0,"08/31/15"
"09/01/15",0,0,0,0,0,0,0,0,1,0,0,0,0,0,"09/01/15"
"09/02/14",0,0,0,0,0,0,0,0,0,0,0,0,41,0,"09/02/14"
"09/03/14",0,0,0,0,0,0,0,0,0,0,0,0,12,0,"09/03/14"
"09/04/14",0,0,0,0,0,0,0,0,0,4,0,0,0,0,"09/04/14"
"09/08/14",0,0,0,0,0,0,0,0,0,0,0,0,7,0,"09/08/14"
"09/09/14",0,0,0,0,0,0,0,0,0,0,0,0,2,0,"09/09/14"
"09/09/15",0,0,0,0,0,0,0,0,1,0,0,0,0,0,"09/09/15"
"09/10/13",0,1,0,0,0,0,0,0,0,0,0,0,0,0,"09/10/13"
"09/13/12",0,2,0,0,0,0,0,0,0,0,0,0,0,0,"09/13/12"
"09/14/15",0,0,0,0,0,0,0,0,1,0,0,2,0,0,"09/14/15"
"09/15/15",0,0,0,0,0,0,1,0,1,0,0,0,0,0,"09/15/15"
"09/17/12",0,0,0,0,0,0,0,0,0,0,1,0,0,0,"09/17/12"
"09/18/15",0,0,0,0,0,0,1,0,0,0,0,1,0,0,"09/18/15"
"09/21/11",0,1,0,0,0,0,0,0,0,0,0,0,0,0,"09/21/11"
"09/25/12",0,0,0,0,0,1,0,0,0,0,0,0,0,0,"09/25/12"
"09/26/12",0,0,0,0,0,1,0,0,0,0,0,0,0,0,"09/26/12"
"09/28/15",0,0,0,0,1,2,2,0,0,0,0,1,0,0,"09/28/15"
"10/03/12",0,0,0,0,0,0,0,0,0,0,1,0,0,0,"10/03/12"
"10/04/12",0,1,0,0,0,0,0,0,0,0,0,0,0,0,"10/04/12"
"10/05/12",0,3,0,0,0,0,0,0,0,0,0,0,0,0,"10/05/12"
"10/05/15",0,0,0,0,0,0,0,0,1,0,0,0,1,0,"10/05/15"
"10/07/13",0,7,0,0,0,0,0,0,0,0,0,0,0,0,"10/07/13"
"10/11/11",0,2,0,0,0,0,0,0,0,0,0,0,0,0,"10/11/11"
"10/11/12",0,0,0,1,0,0,0,0,0,0,0,0,0,0,"10/11/12"
"10/13/14",0,0,0,0,0,0,0,0,0,0,0,0,31,0,"10/13/14"
"10/14/14",0,0,0,0,0,0,0,0,0,0,0,0,1,0,"10/14/14"
"10/15/14",0,0,0,0,0,0,0,0,0,0,0,0,1,0,"10/15/14"
"10/16/14",0,0,0,0,0,0,0,0,0,0,0,0,7,0,"10/16/14"
"10/17/12",0,0,0,0,0,1,0,0,0,0,0,0,0,0,"10/17/12"
"10/18/12",0,0,0,0,0,1,0,0,0,0,0,0,0,0,"10/18/12"
"10/19/12",0,0,0,0,0,3,0,0,0,0,0,0,0,0,"10/19/12"
"10/20/14",0,0,0,0,0,0,0,0,0,0,0,0,1,0,"10/20/14"
"10/23/14",0,0,0,0,0,0,0,0,0,0,0,0,6,0,"10/23/14"
"10/25/12",0,0,0,0,0,0,0,0,0,0,2,0,0,0,"10/25/12"
"10/26/12",0,0,0,0,0,1,0,0,0,0,2,0,0,0,"10/26/12"
"10/30/14",0,0,0,0,0,0,0,0,0,0,0,0,14,0,"10/30/14"
"10/31/12",0,0,0,0,0,1,0,0,0,0,0,0,0,0,"10/31/12"
"11/01/12",0,0,0,0,0,1,0,0,0,0,0,0,0,0,"11/01/12"
"11/04/14",0,0,0,0,0,0,0,0,0,0,0,0,5,0,"11/04/14"
"11/07/14",0,0,0,0,0,0,0,0,0,1,0,0,0,0,"11/07/14"
"11/11/11",0,2,0,0,0,0,0,0,0,0,0,0,0,0,"11/11/11"
"11/12/14",0,0,1,0,0,0,0,0,0,0,0,0,0,0,"11/12/14"
"11/13/14",0,0,0,0,0,0,0,0,0,0,0,0,6,0,"11/13/14"
"11/15/12",0,0,0,0,0,0,0,0,0,0,1,0,0,0,"11/15/12"
"11/18/14",0,0,1,0,0,0,0,0,0,0,0,0,9,0,"11/18/14"
"11/19/12",0,0,0,0,0,1,0,0,0,0,2,0,0,0,"11/19/12"
"11/19/14",0,0,0,0,0,0,0,0,0,0,0,0,1,0,"11/19/14"
"11/20/12",0,0,0,0,0,2,0,0,0,0,2,0,0,0,"11/20/12"
"11/20/14",0,0,0,0,0,0,0,1,0,0,0,0,1,0,"11/20/14"
"11/21/14",0,0,1,0,0,0,0,0,0,0,0,0,5,0,"11/21/14"
"11/24/14",0,0,0,0,0,0,0,0,0,0,0,0,1,0,"11/24/14"
"11/27/12",0,0,0,0,0,1,0,0,0,0,0,0,0,0,"11/27/12"
"12/01/14",0,0,1,0,0,0,0,0,0,0,0,0,3,0,"12/01/14"
"12/05/14",0,0,0,0,0,0,0,1,0,0,0,0,0,0,"12/05/14"
"12/07/11",0,1,0,0,0,0,0,0,0,0,0,0,0,0,"12/07/11"
"12/08/11",0,3,0,0,0,0,0,0,0,0,0,0,0,0,"12/08/11"
"12/16/14",0,0,0,0,0,0,0,4,0,0,0,0,0,0,"12/16/14"
"12/17/14",0,0,0,0,0,0,0,0,0,0,0,0,6,0,"12/17/14"
"12/18/14",0,0,0,0,0,0,0,0,0,0,0,0,2,0,"12/18/14"
